x,y,theta
0.295871744624261,0.007698756455548382,0.009991093363462612
0.605663114032928,0.010598017061028572,0.010434482661650363
0.8915914245368135,0.02472443028395365,0.033247828428833226
1.2046525051421382,0.029994483261076,0.037212873726900166
1.4973066935799797,0.04135608954389821,0.025898633082793505
1.8077690977681131,0.04161648980701106,0.027637268383570106
2.1081938341442963,0.04132808302453989,0.024322047203740378
2.391668799631505,0.046412514935888945,0.03609329904398246
2.7056797766324423,0.06587518128800901,0.052061778390286265
2.9942625163832264,0.10217779174733962,0.052382649205006605
3.3060560582716203,0.10354994864835808,0.044259195642757265
3.587919079306487,0.09895639723079856,0.05237026552176188
3.9001581276837203,0.12006956950769301,0.04466515348330272
4.197921119205088,0.15075999489154224,0.06362890971125756
4.504609127921751,0.17954407047440735,0.08389740781384641
4.798448788072911,0.2044640089598484,0.08168863684233438
5.078520212378091,0.23917693411780772,0.07680861647568256
5.365705691836781,0.2561667576273975,0.08488824492894965
5.655406715527664,0.27956321762203795,0.10666041427543
5.946955938545995,0.31364317031344663,0.12644288616820243
6.258719179596963,0.34673058076312585,0.12257199930405449
6.552110455321619,0.3646370380796561,0.13381700778993671
6.853542930338506,0.4046831591478192,0.1381805927216453
7.151452866899698,0.44943253575445163,0.14126019539194562
7.440856958293153,0.49182223481107606,0.14089118282474153
7.746944769970257,0.5327714804896754,0.15371037375790625
8.032469347601984,0.5891058965579683,0.14755456418737492
8.342329227339455,0.638866846667802,0.16846104834844408
8.639652535746325,0.6788139383370426,0.18744814029115336
8.92539278814747,0.7309987921071373,0.18300940116569334
9.22510706359585,0.8025863104753161,0.20535210921124408
9.517619949511907,0.8655870811510714,0.21758914502412233
9.813804671408143,0.9174394765870146,0.22041627406672995
10.112914437410328,0.9779518010830421,0.2239863073707079
10.41724143863797,1.0277747251391187,0.22513614209662158
10.716210375253734,1.1013171431584374,0.24781462009125577
11.026746888722874,1.171974678829514,0.2494265734070264
11.31213932061371,1.2500768472812969,0.2535584448707631
11.60592093287646,1.3075953717867823,0.2671249520453264
11.889053574271804,1.3815570763246587,0.28036163019812976
12.17778351113312,1.4785585519852402,0.2968857585363101
12.456702100329686,1.574903988347439,0.30874661529886777
12.761811436165207,1.6600213772649557,0.3090594326871588
13.037286873247265,1.7514155804118574,0.3005569867740357
13.312425046093187,1.8504947932735278,0.3174793937693915
13.60893382215543,1.953546204834102,0.3105005323993128
13.894870990380287,2.0341206071071047,0.31655682999417
14.179300444319553,2.1047586775033014,0.3381021748286956
14.460921025804343,2.2090936669789154,0.3459305365755407
14.736008331795617,2.3219396173375246,0.3481266509939516
15.019594790655661,2.428866898768847,0.3543075808080528
15.307299316449535,2.5508016361010046,0.38541251678506383
15.579004818794225,2.650819127096537,0.37673781900280395
15.848539238444811,2.753628965875179,0.39309385670673325
16.123392625547755,2.8681488629226104,0.4070042293141032
16.39384139718491,2.9930682111331706,0.40950716289934
16.681593653116877,3.1065970620476633,0.4229609376530748
16.944843792366157,3.227431088458334,0.4543672270361714
17.2062422978722,3.362419518869311,0.4506669545044719
17.48620935575311,3.4962454819478612,0.43818638294004236
17.760898927683506,3.631300134904515,0.4505663001148362
18.028914724526963,3.7653599573464116,0.4566984933812104
18.322483203674533,3.899675221621509,0.45807203653823464
18.58120142102406,4.015960368339999,0.47198514744409636
18.87046236746416,4.162344665926177,0.4903887709389697
19.12221263884888,4.306116740844236,0.49990635692304924
19.387802234730053,4.4435786026068715,0.5018918477291117
19.65775716530742,4.601099144947698,0.49965322833686965
19.907857160604028,4.7429842954088315,0.5127827637109506
20.17845785806477,4.879082370389948,0.5153273517489145
20.45465493165339,5.023840192674733,0.5347387003158923
20.71627955928623,5.17171774808128,0.544189061663643
20.960959352474724,5.332478251181255,0.5470256511911078
21.2223519718004,5.471794928767358,0.5596335323098911
21.47730941087652,5.636917130895609,0.5648690090690595
21.74531571358527,5.805702388200465,0.5873080320958352
21.993610372412835,5.958968480424333,0.5782100654547899
22.245932382040817,6.126820714928051,0.5706188543126566
22.474677340388155,6.275775935483985,0.5598230400908244
22.749395470442902,6.450195128853574,0.5672155019519987
23.000354459441343,6.620843026270765,0.5775643785980128
23.250967661441248,6.777788449741448,0.5939400813178697
23.506692713187324,6.933087973495923,0.5893989555612823
23.76230283005408,7.118328076238711,0.5922227995002638
24.005930739206292,7.279288567925771,0.6143519363004145
24.274353347957405,7.463362970606019,0.6252378587564881
24.53333309397198,7.636236043899132,0.6418152796304721
24.770203615929745,7.817766185814796,0.6497545131664235
25.011992931210866,7.99675502493055,0.6664370202439402
25.24128591287574,8.193762842492788,0.6704058957430612
25.46526635049973,8.38582825889525,0.672676095987186
25.70209458906353,8.575856436213593,0.6706438003164676
25.934586542439206,8.759705395084262,0.677840344384222
26.153062339157273,8.934933169329238,0.6913693188337555
26.378287367868406,9.114365569655426,0.709202411662565
26.618539783454203,9.31855121799329,0.7232505206638501
26.858868913673096,9.504897235000172,0.7417675858028071
27.067069807822765,9.714848935886065,0.736675732730642
27.282589088530163,9.911217886848767,0.7367945807632805
27.498188487775014,10.122985311228875,0.7498096331560176
27.704572121734234,10.338829049137972,0.7571064104315377
27.925512649625947,10.54294046113815,0.7575206091463353
28.157200360397667,10.747742375865014,0.7564657505814414
28.37349286997794,10.952716906514883,0.754314887135492
28.580396387496247,11.174654244952714,0.7557522513981098
28.791494709020224,11.381219688093356,0.7780671180288293
29.004799678830747,11.584982015392224,0.7722862405129921
29.20585902900727,11.796768543230645,0.772685477302575
29.40712780885386,12.01816364050832,0.7733783757458986
29.602581201658975,12.223060683156817,0.7754652759421935
29.81275964225626,12.447594235317803,0.7713590548519805
30.03067708116487,12.666472496317795,0.7762001699332806
30.258459209583997,12.88389090316216,0.7983505689207758
30.464991016144864,13.10556037004434,0.7989567626276899
30.668867932734187,13.30884893697301,0.8116530252370221
30.887043366943548,13.523396661456507,0.8132448975388857
31.076331066180366,13.738222925688062,0.8187923239625167
31.286065864415058,13.96965418150864,0.8245341752814791
31.47542787481986,14.185369520076353,0.8178013699343839
31.66920849702221,14.41759100003609,0.8174813045976252
31.87025625532093,14.631563245724468,0.8040501841252664
32.066712080072115,14.861711382646217,0.8112832474807534
32.27151933240097,15.080557137366839,0.8038654567914817
32.480850491643814,15.285273353106845,0.7905250504939146
32.70184030947629,15.499670546394354,0.7921372641769269
32.91637138518737,15.710846318348665,0.7996412714919006
33.135619911027646,15.94117913138789,0.8080719871652191
33.31951003874494,16.151887623724196,0.8312428723300939
33.52943511982885,16.380932906077145,0.8236597976152241
33.73185649684077,16.598501302920535,0.8258863905572847
33.93563805801888,16.825025848792297,0.8286886992725454
34.14507847674752,17.04465311945324,0.833481391527057
34.35201546959478,17.2625302449618,0.8275176780979857
34.583549660515175,17.491389946121615,0.8372914846561667
34.76846391979241,17.71020157481819,0.8446798657750595
34.97343801523947,17.930802033112617,0.8346036861223445
35.17180145950682,18.157175307649357,0.8341264921795895
35.37344983433154,18.390940861896336,0.8202816233616448
35.58010508577863,18.609835361946303,0.8269079466301588
35.78754910074341,18.831251105841556,0.8171291515067033
35.98257128829694,19.049915203991432,0.8202958319644958
36.185653384406876,19.272386982138467,0.8209766789047455
36.389015332182275,19.470261196198138,0.8186867560781383
36.59621504988863,19.699309569111534,0.8259196044307454
36.785687091542655,19.938281096614208,0.8387112196127875
36.981632836917115,20.14334152615991,0.8352217590357846
37.1829972562538,20.351768178766488,0.8447929829051305
37.38520709359668,20.590410335062327,0.8574570909767609
37.5810979351648,20.820062051863186,0.856958395023508
37.78164784900706,21.046174989996928,0.8604435942452596
37.98433307664509,21.28384194539494,0.8626482636495612
38.16638378512817,21.514361423302386,0.8825502916308539
38.362310965755846,21.747404959724975,0.8873309254101706
38.550067895777595,21.98621280042824,0.8960914578436732
38.72704129359819,22.212756865317814,0.8976768110567037
38.9139159582675,22.45962746400284,0.9004143899361197
39.09859244308274,22.68126151122862,0.908874291040731
39.29291871339501,22.915350330001598,0.9235193567067613
39.476284632121825,23.17249914819162,0.9177623663176793
39.67757355012828,23.406151795457166,0.920205213658909
39.87359518864498,23.637711632892906,0.9068888750531306
40.06136128111274,23.888301092496853,0.9017795050499364
40.2423262395843,24.125257286933266,0.8959205559612443
40.42328413609985,24.35621283804725,0.9066574001149904
40.61163294995687,24.604179757569085,0.9170370311931043
40.79913916674536,24.853465148585954,0.908516394352537
40.97944249483855,25.09881595660441,0.9110337986195217
41.162597309153355,25.328832980542572,0.918121598578882
41.33299348642069,25.577512337766578,0.9281546353185075
41.510922984136506,25.82776307538267,0.9223845218761675
41.688426486490506,26.07563896220834,0.9297760423614936
41.86210610657877,26.30159587798501,0.946641564864826
42.02845646742787,26.541651111735533,0.9603724661748108
42.188712165115646,26.780235457521947,0.9766244233963257
42.35213385990734,27.038195051296427,0.9704365424256381
42.52709180787594,27.288819135355837,0.9677476232529891
42.7086403815278,27.51465283512718,0.9613481380048503
42.857511661813966,27.758919284637166,0.9540745368882052
43.03557202163595,27.99424754264085,0.9661185501267
43.22139998211594,28.23057490061866,0.9532703159584663
43.39560673742872,28.487562094056404,0.9789924011393112
43.572175724489924,28.75432571562339,0.9755498506481373
43.737851728910805,28.99232675835844,0.9583157722437956
43.9028602068461,29.242073387458102,0.9783564761362489
44.06931700294799,29.489098547508075,0.9944186614654568
44.23642893578606,29.729370648152635,0.9855720939450479
44.400735239146606,29.97456851529288,0.9858860035902234
44.57261846123173,30.235342944063984,1.017984303306145
44.741088367541956,30.49806082585604,1.025552042684339
44.89860764180934,30.745860962394094,1.0169214084909335
45.0505488944639,31.0122894018782,1.0243882030938412
45.19751278661176,31.26280348617563,1.0389596457542294
45.369505942028816,31.50737235660554,1.0376231397890365
45.531404127175705,31.75447685324602,1.0492661341832066
45.686773787204544,32.0071549380943,1.0658162783566505
45.8236786742266,32.26871558374703,1.062597763396569
45.968320078276285,32.539556678018975,1.0783908935755204
46.11138646951541,32.8047589238319,1.0732151537001189
46.26444929023644,33.06371063122156,1.0914832969582131
46.4143765934254,33.32792774581086,1.0849421978261458
46.546375104339816,33.6013832180115,1.0811524837295503
46.66651635845531,33.86312464707408,1.0846018946517266
46.82618439975913,34.1309175616223,1.086916436181083
46.95976515175006,34.396890503699886,1.0970734645500215
47.109046590084205,34.66400376167886,1.0982464758588348
47.2494822559459,34.9345606519345,1.1023540927789153
47.37378767486032,35.184266754188094,1.112221845635682
47.51952971532306,35.45747335591988,1.1181694341501012
47.649031442850436,35.7539410259637,1.129846377559295
47.78164685161586,36.02022203875256,1.1434101826980563
47.8841954286476,36.29949571055257,1.1514727961399294
48.00076149141627,36.578008686097625,1.170367302792405
48.11261183033334,36.8588545559021,1.1691953444460403
48.24144068634632,37.13257714805052,1.171956162173216
48.347505058313395,37.417392580593535,1.184792542870571
48.45332722871988,37.68214742206854,1.179705198785912
48.56923120217304,37.94815095342895,1.1807413924094872
48.69225059454158,38.225608656438254,1.1808096586716743
48.806519995290145,38.51655565784791,1.1863597650309607
48.908125561000446,38.794825194790455,1.1952029900888619
49.02898070610558,39.07131005556303,1.2003950713404345
49.150981872375645,39.32954061390805,1.2100625338160915
49.23963041706139,39.624790048601575,1.2294757478507097
49.33810398487664,39.89555109149473,1.2560622623004796
49.448718498223414,40.18528939944897,1.2718467304096892
49.554021824034834,40.466281097722366,1.2765019897728227
49.63227857863641,40.74704244375548,1.2979469711903373
49.70869977845266,41.024332272902036,1.2964461129701264
49.78916888678706,41.30207512671176,1.3220825755471286
49.857697852218216,41.586654650764636,1.317446978999299
49.937985808602406,41.87747188770398,1.3294631037659506
50.01840678520037,42.17694403980158,1.323836189229463
50.09882288898892,42.48152876172452,1.3352927677421838
50.15652950377862,42.76523130514558,1.3313259869949479
50.220140251102464,43.038342336319936,1.3447129204187496
50.26773169847293,43.34110321895101,1.3493335365444694
50.34297377859266,43.62718471488305,1.3413240779657905
50.43052866202855,43.91351256952196,1.3427659407654626
50.47778327761299,44.227111801460765,1.3458409670069789
50.527356802924196,44.52603440981465,1.355019849068064
50.58256762672692,44.81322608302738,1.3703108496435528
50.65184715639689,45.1075860822845,1.373448836204735
50.70662156052543,45.4101299344143,1.3906592335340175
50.745805168254684,45.71360993022358,1.3787483599192818
50.791215344713386,46.00127099723162,1.4126966336367992
50.83325776633328,46.30356956968561,1.416748420377566
50.87634227031711,46.601315177256105,1.4303648227246897
50.92941054934416,46.89700493776988,1.4389186789355333
50.970348963526895,47.19899966769547,1.45694617546673
51.006199686607054,47.48178259132378,1.4530194158325684
51.04446962509247,47.78452636755866,1.4537403138465592
51.08295651684118,48.07719006629541,1.4797008234254558
51.109982948224896,48.362830378995376,1.4876422751315492
51.14428895451572,48.653298746210524,1.4749635227156261
51.15520070615797,48.973706631471636,1.470395027019415
51.177339489630754,49.26595277491793,1.4733945263855917
51.18640583792442,49.55972504147269,1.482649630036257
51.22638026120993,49.85537111003468,1.4908091282625202
51.251489010048054,50.13479843260424,1.4775431146809634
51.28076114119816,50.451900863052025,1.4906563398629358
51.305287195162414,50.729140779590175,1.5005138799337627
51.322857869072884,51.026160701745276,1.5117329354741607
51.34823793092172,51.331409264745965,1.5329169859054474
51.352660546569695,51.64742893476134,1.532373370595645
51.34490899946551,51.933097316847366,1.5229089386904384
51.34609337232901,52.223881303242464,1.522625438630284
51.35973867839266,52.52757382317266,1.5378832595439822
51.36483446195133,52.833802961062595,1.5462380717395592
51.38734261484961,53.13173522101175,1.5607262355749423
51.39267541161156,53.419457006674754,1.5797082671583669
51.39664761206312,53.72528919732757,1.5966164872913169
51.408519369029385,54.026077321276155,1.6025463591025102
51.40928668776554,54.33868230266038,1.5925627577439199
51.39830238838204,54.63972776119088,1.5880190250362887
51.40136525135287,54.94939502826728,1.5977608543041504
51.3958291955384,55.24952316698803,1.5990154080984158
51.40286548377709,55.54904891701307,1.6020620387947344
51.390333823061646,55.85796623272415,1.6140089013068184
51.37803354535791,56.17149557447149,1.6180314809168825
51.370075830921564,56.503047988575844,1.6344908529789743
51.353350504098955,56.805806370914844,1.6494742333621821
51.32784343237943,57.12265450371513,1.6667323330054915
51.317322337643986,57.41945410430431,1.66089315786444
51.29858382408679,57.71899638780058,1.6744395402824321
51.271888249651234,58.01673608528922,1.6836389228641064
51.23190726993796,58.32570020235414,1.6963672513510544
51.18746709513551,58.63001867029189,1.6993999281950753
51.16616958119554,58.92031799956061,1.704935611381948
51.12300309653633,59.21189800034924,1.713795100450345
51.06437134578866,59.52007762389369,1.715558407602129
51.02831944485715,59.818619199267424,1.711433751607755
51.00017150475291,60.110618611953626,1.721588693682561
50.950865236917075,60.392351756127965,1.720322260192887
50.9135884542175,60.680824971539884,1.7116287639837353
50.8697732537534,60.97925647211599,1.7323704931052861
50.82872733161673,61.270318641203275,1.7385449060133253
50.77084573880423,61.56378577124103,1.766873800990532
50.72054335924967,61.85256208949574,1.7875030951758588
50.6519926882843,62.15341832107174,1.804189967525146
50.56539219973381,62.43512736621465,1.8073318488553418
50.506541424760975,62.73420558694975,1.801379671928813
50.41911805504257,63.02148122793431,1.8089205458766822
50.349317599560614,63.30685890487998,1.8239693400796324
50.27212282536037,63.592239938525125,1.8186875869738894
50.19486687102903,63.88121639322424,1.8237077957227728
50.11485975446655,64.17717699883427,1.825691064503006
50.04180003597739,64.46088527237785,1.8394846106099212
49.96604219900881,64.74568656759801,1.8463385840003474
49.89164560504951,65.01538678802247,1.8710252563850212
49.81346661531268,65.29209597824747,1.8711438472967112
49.728483209631584,65.56069187107569,1.881030128266833
49.63433106136665,65.86036557040225,1.8772926985231044
49.547950938344705,66.15093860932284,1.894726678340455
49.45021252817384,66.41240975566602,1.8981626876991342
49.34062636229952,66.67355342402028,1.9076473332570918
49.234564391205836,66.95343705679399,1.9181075983813107
49.13858927988878,67.23894830224161,1.934090435153324
49.029546602386006,67.4993947184914,1.9408938911470817
48.92868275046446,67.76972755345282,1.930040381123687
48.832653654116626,68.07378755161075,1.9446804063317336
48.7313860815467,68.34694336675092,1.9549984207022308
48.59344032221519,68.61519445613197,1.961269004338849
48.46845460429287,68.91228514945861,1.957168511252289
48.34711751534877,69.18686654552906,1.9534771751157523
48.22564933574489,69.45907511823488,1.954325330470754
48.120542395532794,69.73971482346626,1.9581208471078957
48.00123747583022,70.015064264788,1.9632780120129794
47.88016064032557,70.28878801629496,1.9737344771700576
47.7570881064014,70.5512119518865,1.9759338646933562
47.625986466035336,70.83059895209534,1.969873943084206
47.494986941033744,71.11495103975618,1.982425657022154
47.40166426806974,71.40480848230355,1.982152832294247
47.30132198107872,71.67549559546741,1.9897176663262737
47.17238222326226,71.95904996927676,2.006171707939982
47.051208533231915,72.27562108492093,2.031578351390767
46.929409773521776,72.55160083141385,2.0305222027792404
46.80271335782782,72.83197098922528,2.0388208350085804
46.664942552096406,73.09440105947134,2.0481262637835522
46.53888686349905,73.35588117274499,2.0491241653684975
46.4055744961548,73.6054396270662,2.073857272416335
46.26639198606283,73.84980577630017,2.082344912877358
46.09833455689251,74.11779343185003,2.0912684897008
45.96273928449081,74.3733105326126,2.093814078170561
45.804577489542524,74.63300803981505,2.1075335742042753
45.64767598629365,74.88633355320323,2.104437481619496
45.49811197302647,75.14100281458941,2.1104055496681537
45.334506775995806,75.39023188175463,2.122338057988833
45.17244049563024,75.64765372322618,2.1192762741304376
45.014346382812136,75.89910833918347,2.118261342200547
44.85777559166977,76.16342849960444,2.1238634894691435
44.70684449690647,76.41761472636631,2.138493249600338
44.542538269576944,76.65824419955453,2.1333006996340105
44.38547504170575,76.91093516934234,2.1569602399243464
44.21633197888647,77.15861936913065,2.163401518668144
44.045474227621014,77.41276274980689,2.161190160415446
43.873080636803714,77.65376567812521,2.171639510908303
43.70402452971402,77.90038391174802,2.182225685634231
43.53012488691796,78.16017937698655,2.179284682624144
43.38115572291238,78.39667057568131,2.193711132137247
43.193074101146244,78.64725829897995,2.212575856191373
43.00676893863103,78.88545058355726,2.2291764466757673
42.80910101838426,79.12324763714008,2.2217021997891986
42.627898705297206,79.35817355727194,2.2285786845089306
42.445829535350946,79.61130423120017,2.2235020761052717
42.27215106672002,79.85061525136459,2.2380113462207847
42.07203819568243,80.09293327850152,2.246928176347025
41.87881527157703,80.31733417910814,2.2430232287719587
41.6916889145606,80.56560433009335,2.2481305833357625
41.50719101933548,80.80429684320856,2.2618111523544417
41.31634906631719,81.03864845784459,2.2546372930048046
41.126781766070486,81.27723962244742,2.2579927239984277
40.93618923939779,81.49896519363273,2.2670560506922426
40.74279577583694,81.71666019762266,2.272004940675438
40.54805083309063,81.94359159654599,2.2827492080715706
40.355520724612326,82.17917277432431,2.2919284411013083
40.141040460935685,82.40964132049054,2.2997593030749717
39.95610296153457,82.62887522939265,2.2967973502425436
39.74508757455581,82.86672774489918,2.3102473061097446
39.55910474338319,83.07053081593473,2.335152307597474
39.377566940526506,83.28459157421779,2.350627895957228
39.1830445837627,83.50623962355051,2.3726612191003165
38.95669803234262,83.7129790896098,2.37427730311468
38.7338883656275,83.91888143613826,2.374741594395722
38.523443335431,84.12245228229307,2.37604208560867
38.30500992199095,84.31033718035468,2.3906834339893526
38.09412413183452,84.50982510665081,2.3929046582606577
37.86043614702603,84.70114637667751,2.396861505264839
37.64615359954269,84.90639184555613,2.382645439170313
37.44119238089153,85.1157754207694,2.3752561160449885
37.23924551582528,85.32185844046225,2.3935571609941118
37.043016110483684,85.52317977626947,2.413319154321809
36.82037174408674,85.70304338804475,2.41856586880492
36.60417847831463,85.90521723773445,2.438789526733958
36.37148852464383,86.08553674811307,2.4371129709716257
36.15208298778148,86.28406092189482,2.4401799823999504
35.90804787452021,86.48510789949589,2.443618500458676
35.6838371155368,86.66626966425575,2.4316361829600726
35.46948779953627,86.85276094508701,2.4532407889793144
35.24844632458286,87.0478991606491,2.458010171636563
35.014663430663745,87.233558941981,2.4719847485635715
34.78044758284562,87.40759794961158,2.484142260233208
34.555277244302296,87.59940378727927,2.4868300924422537
34.33180047631595,87.77243222089574,2.5002855126099734
34.079847319029966,87.97644285853433,2.5031829681478843
33.85492628681889,88.136536995263,2.5176670199554243
33.61790100029481,88.30337802073245,2.5110643548836338
33.382495062121066,88.47636088509486,2.5252922084592595
33.141148422401166,88.64503356693736,2.5305815176140576
32.903406274684286,88.82566621305173,2.5556446789259195
32.65468153212853,88.98977209381415,2.5683855923051273
32.40305002870934,89.14965384865508,2.561775545972942
32.144622423952704,89.33450563500537,2.581859502672354
31.89371718978441,89.4818670405039,2.597361668470329
31.639825317873985,89.6273285124823,2.604946590926575
31.385783551543767,89.77480184264458,2.603409119744915
31.1358557538158,89.93688131769767,2.613159493436103
30.86960938069249,90.10385054529674,2.6286987679559837
30.61908118277001,90.24759656324608,2.640501990428143
30.36631084166535,90.42062935762253,2.648497528329223
30.112943858175004,90.54221989285065,2.6408062052557795
29.85101962483509,90.6700018841365,2.661606565915891
29.59386322828313,90.80008171896577,2.6773073994423053
29.32334972516194,90.9264002089964,2.700149726839885
29.067741120346984,91.0462325208496,2.7030061630633515
28.79663797417841,91.18535597687318,2.699120877043508
28.54020434178015,91.31786074651373,2.7177153345252023
28.23945411939137,91.44637716315806,2.7158444173509464
27.960836742815275,91.56020854123076,2.7017385988589395
27.691999038390094,91.677623718486,2.6861311209537275
27.434870041445972,91.82404480982595,2.6976912053046522
27.163700367376762,91.96062883235116,2.6883437884685595
26.906024018489124,92.07237517419095,2.692948879229158
26.650499049587655,92.20473012687211,2.7056317338807814
26.376046811178067,92.32878793674168,2.71819466934124
26.12352566517147,92.4501910786843,2.7381858947502935
25.837722427148904,92.57789594317218,2.729006623130502
25.548904605313737,92.69685952700777,2.721687984514505
25.275998074581913,92.82193763986976,2.7263716917138083
24.99955452236549,92.9312714381167,2.7401708735527945
24.720994183393458,93.03241885165171,2.760143018490412
24.43477832008492,93.14133131017226,2.7429187813922624
24.16140179356429,93.2464184592509,2.7468045919426674
23.869185599854443,93.36610334676735,2.7593125876309896
23.58168261675778,93.47384716432546,2.7489627263124037
23.313100449095177,93.59309680821309,2.7481547663773553
23.03719331358275,93.69652390934405,2.7430789225611427
22.751127036759698,93.82384207549099,2.755924354719907
22.469466659116947,93.93668018454282,2.7810847294706624
22.17224407014565,94.04312201514766,2.772591237814757
21.894938670667198,94.14323937781849,2.7733226288653112
21.61646137036022,94.23694762966701,2.786925975582525
21.333225384607672,94.35063862810266,2.7921597957056807
21.059037548119623,94.44727913943572,2.806943511934177
20.768288531968523,94.54150532695371,2.8075886298359864
20.495162638569088,94.63979748206384,2.8184346671918172
20.213153712968847,94.73763259856587,2.8176515919922243
19.91741792168135,94.8454471764508,2.829006717679279
19.644645363426985,94.92669393418782,2.826738954824786
19.37227510076691,95.02173720410467,2.839163167891699
19.075068718354142,95.10380501297006,2.8656674611493567
18.783151280374426,95.16788659439992,2.868440581481419
18.492572630212795,95.24481495456533,2.8871446411612
18.20427326433668,95.33019736526863,2.8886064098925126
17.926134304215577,95.41325070300147,2.9001996371044125
17.635736136071092,95.4775176632601,2.9154731237714695
17.327310941739068,95.53486187345347,2.929486059359624
17.029489783290334,95.60137908083361,2.9545827962647135
16.731326457611214,95.6528979980648,2.9670232408047355
16.442304021872715,95.68655406926622,2.959431976077946
16.13054229860358,95.74048057404016,2.963595556748213
15.830618945874127,95.79104424078812,2.9697263945938204
15.521778132937468,95.84788315549133,2.9971487427883474
15.232854510000447,95.8892049912588,3.0116058096429836
14.933329802604433,95.94738318913168,3.0119186746496722
14.633566957973192,95.9825763022777,3.019700227362488
14.344242410827654,96.01994910608134,3.0163459786119096
14.046618748062912,96.05278128844229,3.016638731866157
13.75753909290324,96.0832452364402,3.020473649667619
13.472126184978611,96.12905770025333,3.0169869361934176
13.175947376357247,96.15361345838177,3.015851740861737
12.882902998408897,96.20406059428059,3.0242438862349355
12.580993943432539,96.24187100430652,3.0311823632193273
12.286968410927715,96.27536986995811,3.0322618953828595
11.985407705673788,96.30175524140745,3.047313399160574
11.698362724114133,96.33206933344263,3.073721035751923
11.393400293383792,96.35637635099216,3.0810488457156073
11.092558299845642,96.3572659684714,3.100938347783975
10.794378703142634,96.37116090533104,3.112397416081616
10.505219931055564,96.36133669073168,3.1264499228654516
10.214653182774008,96.38281615098421,3.1181955909128733
9.918256456624412,96.37677936037099,3.1357373589981234
9.621891730942734,96.37037189511393,3.12847814854318
9.29725243998962,96.37815458368671,3.119408386516575
8.98948593107836,96.36727365680859,3.1311766747285072
8.688584538249959,96.37282766243871,3.130840950746678
8.393755873881759,96.37852812071024,3.137480053269607
8.085791510688049,96.37821146944809,3.144935617150754
7.772381614029288,96.36473160955177,3.1515349296301665
7.468479671899475,96.35257881977573,3.152164701853274
7.181001268969803,96.3389370131274,3.1611774930412397
6.893878270744498,96.33869766119548,3.160019450781912
6.597258193621195,96.33356904114565,3.176946732478804
6.30811381411464,96.32449124920205,3.183468467502425
6.013246714124162,96.3137182326621,3.202367635956452
5.717239026046779,96.30681005132243,3.195359490877027
5.425019127815147,96.28575764933747,3.211158586015216
5.1209148492177405,96.28117254375425,3.219074478427551
4.835372256002019,96.24985810853009,3.2260888055867047
4.526908080991004,96.23769107604038,3.237488255415872
4.232782721763581,96.20755450592632,3.2375161295924633
3.935923623527107,96.20352150399992,3.245958187926488
3.624023367005314,96.16005544734247,3.2498668612571993
3.3293737105674537,96.1147303169441,3.265580936073057
3.036034138842414,96.06388927918518,3.260149697838298
2.7224652491338794,96.0169273853939,3.2809093146809003
2.435900962633856,95.96744674916691,3.2977041175284545
2.11558115453911,95.90152830332545,3.3144078673179336
1.8210155308130678,95.84562922266286,3.319766367889586
1.5183007223902063,95.8060395948957,3.3281245019523897
1.222482148161291,95.75166625952174,3.3377117786356463
0.9392888099436376,95.66310087971735,3.339049311511176
0.6282258728196101,95.60368029556487,3.324811611514711
0.33035240493909995,95.56925940242253,3.327844796712004
0.025359223858637037,95.51221115814238,3.3438043084309204
-0.28635044492817424,95.48055974498905,3.336899078492811
-0.5862877513432201,95.42610095611539,3.35854479337162
-0.8728583549307963,95.3612035914113,3.35598384950694
-1.1463235934511382,95.3227292252859,3.352649332776093
-1.4080787655850586,95.2603547786089,3.369605288697735
-1.714759912645749,95.19509753401839,3.380795389017335
-2.0100169488417348,95.1449383391539,3.3936610127285745
-2.288407802969018,95.0746562075821,3.3916553530772053
-2.575149108913169,94.99170913444516,3.397746268875478
-2.8583792967597916,94.91083146515935,3.3983000578852347
-3.163294975709387,94.85393308202278,3.420679599613969
-3.454100543521658,94.7747936400788,3.4262760820454616
-3.7561967468476922,94.69606745329018,3.4347208021579383
-4.038980783038204,94.5985745896736,3.4340172676244447
-4.322375448614011,94.51495867667417,3.442861783161416
-4.593430251618389,94.43254700435033,3.4554016381651964
-4.868184059293614,94.3424684287057,3.4578532507114255
-5.1600741833163175,94.25898995279992,3.443643986675869
-5.436466494060026,94.17423458783465,3.4300693034841157
-5.7314559326353285,94.08900918177444,3.450270884860259
-6.024769634614687,93.98747804775093,3.4505831630209967
-6.311822391253841,93.89950145811714,3.4416809532359425
-6.6077774343658024,93.78574649994242,3.4590897471557653
-6.885550505655473,93.67791243924073,3.4572314680249425
-7.174323005528873,93.57860103584814,3.4548833308495617
-7.454413204427318,93.48959766140075,3.456788539688017
-7.72336654074134,93.3970417591675,3.4462345313132765
-8.021232618845465,93.31163860141099,3.4574231172265577
-8.307174893164042,93.23190834914779,3.453277752596216
-8.589432501275436,93.11758801923156,3.453735593294427
-8.876344680334753,93.03039465264429,3.467283087886747
-9.135239023198265,92.94720190182089,3.47824688995151
-9.396562969297415,92.84469681796608,3.5014201313558013
-9.68328586161179,92.73067977081179,3.501051799656313
-9.94722300908,92.61360761268061,3.5065130132531235
-10.231214205952016,92.4942304494984,3.5067702287383797
-10.518058446646561,92.40338311140529,3.5107332839584986
-10.791956446563596,92.30390414305636,3.5135293893267865
-11.07703692007045,92.20354550024918,3.5215439274899287
-11.354366611580488,92.08608123982829,3.509836340817739
-11.634726401726162,91.96705242818683,3.525790626409965
-11.902324600301517,91.8535351464985,3.5493593916954587
-12.168764309491927,91.70608083603629,3.5439772258036166
-12.439009062177638,91.58256024731645,3.549303577175212
-12.700661125546185,91.47337871754249,3.554867022833168
-12.991372937250505,91.35306096704981,3.5624991409387623
-13.274372925409335,91.2259568934735,3.577329298547312
-13.536024424869082,91.10657936244186,3.5850104925713353
-13.811391973598585,90.9887412863226,3.595811077605477
-14.092687604596295,90.8449141375259,3.5908687455086574
-14.361113640506096,90.72031777952014,3.5774993529999772
-14.628282430070579,90.62165178354238,3.5840242717592043
-14.904116364421109,90.49242093012717,3.588709250306444
-15.178043969510771,90.35776473729607,3.597876962831412
-15.453382304473434,90.21820892418219,3.6230035442304374
-15.731213010563478,90.07376172253684,3.636997918949464
-15.993798031287149,89.92664632863088,3.636772245450525
-16.26077025933775,89.78693398211195,3.6402654710103346
-16.531305896442348,89.64121289743959,3.623627411912088
-16.79979072700881,89.4917392307423,3.6262039986295407
-17.05120319778821,89.34851647355319,3.6123355398448025
-17.311210743620634,89.22737212252996,3.6248272077382104
-17.573257143884973,89.10343284734218,3.630864123541515
-17.840822241658138,88.96426433109886,3.645510985362443
-18.114488741248152,88.8365318943007,3.656348933677146
-18.3825020592918,88.6794490813811,3.6662319140293835
-18.6428052719888,88.51434648679346,3.6780543770386718
-18.903104971223204,88.35335275554702,3.6717899120188857
-19.165139834857566,88.21711365850746,3.67063911977188
-19.43371518585607,88.06184013446716,3.6969634145325903
-19.690176192010583,87.90439088913547,3.708709771492417
-19.95259572755193,87.7542709475211,3.7000509140526625
-20.21111628182664,87.60355295781633,3.700600634853306
-20.472706386672236,87.44494612656044,3.6916343818554607
-20.734850084472175,87.28215436751906,3.700423404590948
-20.993508040159867,87.13570728684103,3.711327132947319
-21.24444351428504,86.96712883798101,3.696181368608731
-21.491725577398963,86.8293432963547,3.7108595065053627
-21.751666497523242,86.67008498238997,3.7180942846836404
-22.02281777425425,86.50892708883445,3.7096279168066193
-22.270908316661654,86.34787822673859,3.713791773403064
-22.53025352710647,86.18979431542756,3.7251952147109195
-22.789262364414014,86.01605286414095,3.7271003824848514
-23.037019012218195,85.834721652876,3.724466671521599
-23.30093494684295,85.67797996008804,3.730484603574476
-23.551569146820583,85.51701937029785,3.72985268850676
-23.791719634690615,85.35919288161595,3.744575152502663
-24.035193602525528,85.19590291372405,3.748619298258792
-24.28961586021617,85.03597800775954,3.7446879414776855
-24.532072045102105,84.87796525042991,3.753998074192104
-24.778272027278145,84.70642688322265,3.7452002523152377
-25.02882199988639,84.53850950346215,3.7545279458885807
-25.288049826206297,84.36348165233008,3.745443026951028
-25.530424451861634,84.20786663271019,3.7478922290255703
-25.78647595782394,84.03005308893428,3.752057909824728
-26.04476550558946,83.85951317590273,3.7684258834683577
-26.28602527642207,83.68639196688704,3.784510948222742
-26.524566092409685,83.50694260024521,3.7889488694051203
-26.771129360128697,83.33023176501715,3.7987049262392083
-27.022211867828585,83.13594670019761,3.809976876881172
-27.251635380747782,82.96260598711316,3.8206359868949544
-27.492376771136357,82.75404700071623,3.8354017260444255
-27.71589698807441,82.57428144835461,3.815559828836971
-27.94129535445922,82.37879840865972,3.8259785851914394
-28.176503756686767,82.18287465552969,3.842181691223136
-28.40616920343475,81.98791694580908,3.8551428151221336
-28.628971986292868,81.79534598468953,3.8458486584341594
-28.87039875022558,81.60676544556708,3.8309095608087405
-29.105751422661594,81.42817142156404,3.8399805029118013
-29.337833162492156,81.26281223970174,3.827797612249215
-29.55796738065797,81.0728901809291,3.8420236879994207
-29.773713097949816,80.88274392869499,3.8573661887829105
-30.00400474117809,80.68907669863255,3.8675104740856505
-30.22596886529437,80.50940677417462,3.8763371235327773
-30.449522036186583,80.32328310764547,3.884398499143971
-30.656330131236505,80.11376893148397,3.9029431012705365
-30.88176956183452,79.90188936302346,3.9277583669970095
-31.101841404927505,79.68385230212212,3.9138582903554657
-31.32774143326528,79.48627173046546,3.9193843117997584
-31.543619593843957,79.2653448349406,3.9122025641830307
-31.755443590279654,79.05920342574726,3.9143618473980717
-31.965545720410674,78.83100431594663,3.9268554551755943
-32.16593799136614,78.60399709849528,3.9452243867765775
-32.37616068131953,78.39360723150382,3.9487118925746514
-32.58100991860046,78.18319227297732,3.956232832465362
-32.795585742539956,77.97025953914603,3.957538406108354
-33.00623767977439,77.74656954453025,3.9564919107558216
-33.2178362497952,77.54431963283562,3.9618018038630223
-33.430248481349565,77.33556474213667,3.987430220804537
-33.623870520269186,77.10141414592368,3.981495599812497
-33.83235083802805,76.8758429459285,3.9828023386336433
-34.036696565411965,76.63189641832355,4.0028288423038445
-34.2359495197999,76.3961107393991,4.006895198024313
-34.429246309568455,76.16553266171496,4.0105925066267725
-34.62349327838385,75.93507287651708,4.026491555726444
-34.80580255815875,75.69732974372093,4.040802326787485
-34.98499282119704,75.47180092344753,4.040411800241951
-35.1711197064595,75.25019995484239,4.026468445277204
-35.356061792770845,75.01863533980575,4.0537642497395945
-35.54207683176033,74.78337477435751,4.05124181421989
-35.732787418371274,74.53237753292764,4.060350177072098
-35.91542094757347,74.2933018186445,4.063475527226698
-36.07903079752095,74.04897601661855,4.061401472000775
-36.27335960321556,73.81730828816303,4.063299600174986
-36.446956542405665,73.57400594433133,4.077695108477173
-36.630525853729544,73.33003544198057,4.089464793561998
-36.815299055232224,73.09712838807654,4.0934345573726665
-36.996122230656646,72.85320722815386,4.116713951967102
-37.15558763919897,72.60839822661502,4.117240909860218
-37.32451495825103,72.35350615485946,4.103169601040432
-37.503041016469886,72.10779145750188,4.119615783183107
-37.66611837431802,71.85919828785741,4.1270841189415775
-37.83962152855419,71.6213118472417,4.127579946277933
-38.00995232839904,71.36802025111581,4.136028400834828
-38.19029664495467,71.09198588676821,4.144093352683271
-38.34023151973312,70.8368156069361,4.144009861382588
-38.50122100239797,70.57611874593455,4.151580578204847
-38.657476907810356,70.33164560787192,4.161574670143978
-38.833593314471806,70.0691913984852,4.180775622569249
-39.00197374672312,69.7962498896763,4.1933959770789615
-39.13939617239305,69.53418009412175,4.172922806239918
-39.28270750180893,69.28168654303515,4.1637158118117625
-39.44506597541945,69.02336340173196,4.173830774088515
-39.61503858002926,68.77219762493912,4.185835464059937
-39.7659926471908,68.52010019952607,4.203129078991494
-39.90225510454693,68.26207696735702,4.205593055148987
-40.03136637236649,68.00174726348162,4.22036483098318
-40.18735786912583,67.72823922334652,4.249929007176432
-40.3196470354251,67.4422166836043,4.2564762001278815
-40.45763487975421,67.1745959553367,4.260265316791325
-40.57992049602042,66.91977693214477,4.279949386447656
-40.71149460381835,66.63427095628649,4.296196593548618
-40.82254413497141,66.35435549613123,4.306463431324233
-40.936269763956204,66.09600261925695,4.3441349238941065
-41.03162583378353,65.81719090742713,4.354301701265525
-41.14382289975338,65.53591770542835,4.363790179791331
-41.23333245511231,65.24851653081045,4.36201348720979
-41.325550790180976,64.96782038028894,4.371474330363803
-41.417056730033075,64.6638990540232,4.372898934098754
-41.52831540976823,64.38375078311381,4.381967564105861
-41.62240056114562,64.10553696527413,4.392495686105062
-41.71536687840049,63.82580335831417,4.396777559289815
-41.803962428857595,63.537036878690856,4.3888218304754165
-41.90632025131845,63.22546527670363,4.391071866783017
-42.00836347245032,62.93648878795446,4.402525460658137
-42.08906975922487,62.65710301995074,4.387475745822087
-42.20079680319345,62.36802535540009,4.376030213033425
-42.2925737968366,62.07039959827788,4.38426581567784
-42.389415863593,61.788724609163836,4.376348875200919
-42.486785992848326,61.49351776780578,4.372295044794084
-42.588509624867555,61.211256414525735,4.370864351883552
-42.698009381921864,60.941503522257136,4.364400466050948
-42.79287109627824,60.6541085231131,4.3834108096941335
-42.88700752051698,60.36115981436826,4.390493827602374
-42.98997886465753,60.08458930874465,4.398667870540228
-43.072693922828435,59.77580952447068,4.406869887358841
-43.1533421702347,59.488974682738025,4.392775150841043
-43.25185342566387,59.22115399487488,4.393034782202764
-43.33503630541308,58.93041461923341,4.392388364480188
-43.420567993584704,58.65147236315005,4.378295867265877
-43.51832187452475,58.36148139718852,4.388975770779711
-43.61126919245387,58.07719891776326,4.403706115012136
-43.70669217384939,57.77686341365841,4.407535692523406
-43.80366512014309,57.49698688476469,4.4134715975081935
-43.88659816515586,57.200240555900635,4.408529679359347
-43.9625938709529,56.92504101619271,4.41818390091101
-44.05492711930124,56.640088900469564,4.433223773318107
-44.141169529673775,56.35673352169836,4.438563695457437
-44.21988420217969,56.06323722739446,4.447690521622576
-44.30200275441999,55.77686275094152,4.438857339181725
-44.38454446439397,55.49459040654585,4.461006630231954
-44.46941148297172,55.2108988482631,4.4621735257695585
-44.535425766407435,54.938384500930674,4.464736386926442
-44.59706465043365,54.667082085588675,4.473389357350974
-44.694709382352954,54.361872062681684,4.480321123589038
-44.76181125220818,54.06752718773034,4.469849303267696
-44.841076732627194,53.78085397504922,4.490835062556054
-44.88552983551194,53.50114444934686,4.476904432489107
-44.97029125090434,53.21189138611768,4.472807377674864
-45.04533349177039,52.90675331988969,4.46343539554029
-45.133287250252074,52.605825257636084,4.477209453097305
-45.19539090683715,52.332414777800444,4.475694554827298
-45.266461340247915,52.03937554810493,4.486502482251274
-45.337564038668276,51.762111606211356,4.50506901668276
-45.41299526841306,51.45662712796087,4.534523533356545
-45.46682072876021,51.16064442143218,4.534422565307355
-45.51149844600864,50.86607997503423,4.5492087221443525
-45.54440663828861,50.56621216564222,4.550433908470017
-45.58274807217608,50.28116232167838,4.562825763761695
-45.62322850446285,49.98535268695476,4.554110000664966
-45.664007354772664,49.68902758911848,4.565584479686998
-45.72278891241629,49.382056573222144,4.570565043302457
-45.75896213899652,49.09921605168712,4.5795561303579815
-45.780970286147124,48.78911686199005,4.584038051265133
-45.80068602899872,48.498457189137035,4.60690084301064
-45.81764088539358,48.20462082887012,4.62433668291412
-45.84030135034043,47.90993851566327,4.631193380607025
-45.877658448741585,47.619312143833824,4.620971004493321
-45.906255604145805,47.308348341025116,4.623710597100318
-45.92528275629643,47.003197811636326,4.634042285548915
-45.943383348934944,46.711107710063104,4.646389564994353
-45.97094562118746,46.40905607019222,4.649698982355227
-45.98340786698982,46.117346209046175,4.653979635185033
-45.99046403698084,45.816153511304066,4.644300476427808
-46.00873984973172,45.53159937297432,4.638201844868925
-46.02754731752789,45.233346809858865,4.643910238258367
-46.04892918111634,44.93606572013476,4.646954560554932
-46.07489658237702,44.648655563694426,4.648016775070156
-46.091921160535286,44.34752092130434,4.660173241638237
-46.11697839846557,44.053757277650156,4.670402756865231
-46.134135295814445,43.73359639263807,4.686225801631998
-46.143831341266974,43.42701746700846,4.688463878760708
-46.14988025268042,43.119818534071555,4.695784460949672
-46.143074891057495,42.83945380126255,4.699110760111939
-46.1474962544732,42.51852855840857,4.693457866569469
-46.15703238254212,42.222584816112175,4.695933223986528
-46.156562290505235,41.913885528325196,4.699324614398587
-46.13807604858115,41.621747636190435,4.708999997766996
-46.15306521762193,41.319128128190314,4.724215786788068
-46.15088921920272,41.014874402869204,4.729990241636896
-46.16268533489038,40.711361469303014,4.727983306201719
-46.16111296066461,40.42573731444349,4.726991093502689
-46.15889091030656,40.12515594700689,4.721666312905882
-46.1442166626732,39.8192412192735,4.721671072718787
-46.137204852518586,39.5040134938314,4.713505220230849
-46.12847246914099,39.21503244942193,4.736733861538574
-46.113143144241796,38.91291213959195,4.719691309240293
-46.08211734181447,38.630070327512755,4.713840868913703
-46.070506456177775,38.32224179994371,4.704896662749406
-46.07613819756151,38.043242072023794,4.69117982917452
-46.06946626104351,37.74891114020884,4.688579215124225
-46.08949645758551,37.442364983646115,4.707360392314693
-46.0956158923742,37.15257552451137,4.714799499499296
-46.099649871352156,36.85490256136145,4.7189645951238655
-46.09343230639473,36.553666142043596,4.702963928750452
-46.094092776237105,36.26338695855278,4.712527406402911
-46.09134897311076,35.95774808885312,4.7186012424710295
-46.109309150347684,35.65638155197842,4.735302721832524
-46.11086778007537,35.357159818487624,4.757874613441624
-46.08990353719491,35.06437336290583,4.774094513585677
-46.07679290597996,34.78283244249949,4.774597199104352
-46.067714404586226,34.482823243504626,4.784871037127995
-46.030171295738576,34.178310675106545,4.790705271789424
-46.00352872023036,33.874161024868144,4.800073273306534
-45.97069669853517,33.571275273331175,4.818134254681018
-45.934856972061475,33.29081242117691,4.82032104694635
-45.90527470193355,32.98582281160099,4.829044326575506
-45.86239169271671,32.69229957045558,4.8224741612972375
-45.807419867449944,32.40272979659123,4.8360627378060395
-45.76481939300413,32.12660650646635,4.826515099761366
-45.7080853482781,31.83071463950208,4.824698779505865
-45.658938217152325,31.5288669728363,4.819711993087747
-45.627134644848375,31.23819061589243,4.8309971935795755
-45.59159178575943,30.947129755774764,4.840856163835638
-45.5550552249573,30.633948455320866,4.866355664720118
-45.49343376023471,30.341716461559418,4.882060788475649
-45.4548516075482,30.025263958281382,4.893515606402211
-45.401403465307624,29.712440969101443,4.898435554810728
-45.35152649432617,29.412033435476218,4.915520461667014
-45.29615165056899,29.113881486450964,4.931360262049322
-45.22929151675177,28.838740648272687,4.934922127013777
-45.16109181806791,28.556626794102673,4.937149871371161
-45.07455537418587,28.255357212002316,4.943308675818764
-45.0110064993196,27.955641698364516,4.94891891331915
-44.931569237104775,27.675891165795182,4.958418724666787
-44.869187650335114,27.39222303569805,4.95380982712704
-44.81110213497677,27.10856777677564,4.95709829030285
-44.75266974648478,26.812236723666793,4.961980086967813
-44.683310242868146,26.522466107285826,4.979381507027288
-44.61102244175853,26.242211400407943,4.991569182382723
-44.521659682112876,25.95545472394097,4.991355322729247
-44.43745752009621,25.676685857067138,5.0139093339282805
-44.32371015189095,25.384621660760104,5.008854496422689
-44.23359229448323,25.092218287966407,5.014927439511317
-44.146317351927856,24.804171161467366,5.012710049961275
-44.065995113847364,24.522084221247137,4.998270571654459
-43.96290014934916,24.212139185407967,5.009854753146015
-43.885909190921694,23.956909464456988,5.00883247930122
-43.7999231751011,23.665947079381016,4.979414406745757
-43.73286840421826,23.37337397249388,5.0007366229398
-43.66126303979748,23.082126889914495,4.996072029190016
-43.56044041701388,22.793899933213535,4.989884776692999
-43.493880326832276,22.495034802922095,5.014061476084328
-43.4232924456141,22.215408313681134,5.021181885618045
-43.34767308720123,21.91374216732021,5.027916418431955
-43.253396035494056,21.63547826982354,5.033584655656427
-43.17261311016718,21.355450203941988,5.044428639743027
-43.06182130650319,21.077974572337297,5.045944494182917
-42.98348279964718,20.80163602938774,5.029024881170289
-42.88708526366286,20.515989984371938,5.036634270727515
-42.786916927874586,20.23674435178205,5.059532116425447
-42.66880536755268,19.942876160123824,5.068032816375636
-42.55401977299758,19.663948251180976,5.084399684043712
-42.438241673457604,19.363701818025696,5.069382196403129
-42.3194056943566,19.088578988719327,5.058222296093399
-42.21599805967279,18.794154351971397,5.063070649169393
-42.11044129220863,18.515238400812404,5.061685916993236
-41.99196487452955,18.229932851812745,5.062534236588833
-41.90736481479376,17.94380216363889,5.057269164462622
-41.80765937527673,17.674107234597795,5.069702218416667
-41.69477092212482,17.405867469662883,5.080463991703863
-41.5885279513817,17.118132622339342,5.098924047334115
-41.48293305927481,16.839491974424767,5.101624320092563
-41.36601304357677,16.581343219761592,5.0969702716658665
-41.27077435191755,16.31358385763135,5.108229337686559
-41.14543359616112,16.03550021871215,5.100173010148413
-41.03856916089166,15.751692288684874,5.100794738082641
-40.925467427506206,15.473080794198456,5.093193744492505
-40.82066826708051,15.200853448626411,5.111893534327895
-40.72015620061753,14.940450950209094,5.108309013184792
-40.593644519251924,14.660365613740868,5.116500989916293
-40.48931091912055,14.386075180231519,5.14116161884143
-40.37284592675193,14.114409536442096,5.155976949114862
-40.23621917039764,13.84346251389145,5.164223590491956
-40.110666113051934,13.57742617769444,5.182241505055799
-39.97431576618997,13.318451585067576,5.1934247359834105
-39.831076290803125,13.043777982866755,5.20954097088956
-39.67828789902353,12.773554179457722,5.216288665753424
-39.5256838283104,12.513850411459192,5.235424320683189
-39.38726800764002,12.254072734010125,5.254877919991455
-39.222741250887466,12.009478072193192,5.257137532581394
-39.06934951803727,11.761463203668459,5.247096691892651
-38.91946164364198,11.504315203954137,5.26627341968949
-38.770622602185135,11.251125226202847,5.265846821175675
-38.60326184493161,11.009602577381552,5.285877821322965
-38.4322618940397,10.754309651960554,5.295305472178165
-38.256069616018095,10.51794097763006,5.28950623476791
-38.08351074370183,10.254664697177297,5.288687880964835
-37.921413211556626,10.00213304552915,5.291936456629206
-37.75351291931874,9.731555032663628,5.292391909778551
-37.574127790978025,9.488534420733712,5.297471202336858
-37.40035532227502,9.244604884520601,5.31339344609493
-37.22094795008071,8.984712017886105,5.322147284112861
-37.048287027561585,8.727763763219082,5.3024459880093
-36.878310268437716,8.480504177759805,5.30421142290004
-36.71621412972424,8.221249268393386,5.3231214901171215
-36.536849937427846,7.98432923451623,5.325057574066587
-36.363008728373394,7.746631368487785,5.347035986502132
-36.178416167931125,7.500226495660842,5.370669940435076
-36.01215551597989,7.2646642682737665,5.378201492386055
-35.810126816958494,7.015283287509259,5.392359533202686
-35.6051226956857,6.7851247647859525,5.389634657450906
-35.41789695047221,6.53046897819565,5.390963892017952
-35.2285337199623,6.288930471393174,5.394918894707962
-35.05560252097343,6.038713999026072,5.408055003230588
-34.85488183838485,5.802103809700052,5.421868177093703
-34.66686511035745,5.578756112521037,5.427262978037998
-34.47075241568923,5.34975259118307,5.4265931068044315
-34.28216675148528,5.139147238409345,5.4501836742567535
-34.081956020591086,4.915482726916168,5.465730975530921
-33.87620412724865,4.696600882712964,5.473522091436121
-33.672256836238276,4.481327837871497,5.486010322461249
-33.45459803833515,4.267310287945238,5.504546587675942
-33.234862869326975,4.071726753765144,5.515653923929068
-33.031425224474944,3.863275267434874,5.5198150958901895
-32.79852514240118,3.642811121283053,5.533970753487192
-32.57440127761369,3.4413064752527633,5.529365904758395
-32.356023536549145,3.2221770828224194,5.522968908232898
-32.14193448195694,3.0184698573792748,5.502919516149128
-31.924120006350275,2.7886286582288746,5.519605326530688
-31.70531820714896,2.602709149454145,5.51209913395911
-31.48066091256408,2.4078160079147346,5.521537512202179
-31.27676512539364,2.2098656009794424,5.539351598616393
-31.04976603674604,2.0065802174067042,5.533634893886502
-30.816933111814507,1.8029079777067165,5.536470139173937
-30.59727207348402,1.6139752016263873,5.541806473829795
-30.371804805849845,1.4186423937847175,5.545510368217965
-30.143476209415734,1.2352704453237697,5.544631190820491
-29.912780895380525,1.0202015634312016,5.547958202774855
-29.712037341956496,0.825920139321387,5.558651843165389
-29.48346919611315,0.6382383809260166,5.567628669155038
-29.252110491989047,0.42505867664311203,5.565073981533219
-29.0313195846098,0.22724292869076768,5.578336695652052
-28.812067597753344,0.04123075312725899,5.596234170661437
-28.570663510145724,-0.14875764000963343,5.600818992703774
-28.344845054553513,-0.3287469808284027,5.619215486492363
-28.09733076772498,-0.517332594873543,5.611946307545566
-27.860820388866482,-0.6974398882492943,5.617259604813427
-27.628426284073583,-0.8881176583992564,5.629905446116748
-27.40362738684161,-1.063126276120963,5.620254272598709
-27.15574137247979,-1.2347844038841043,5.625474055182277
-26.923648011219882,-1.417526112496227,5.625113608868708
-26.695433234195033,-1.6023113144979106,5.647551308275478
-26.4587154554285,-1.779868812349417,5.663071535950971
-26.210722335440547,-1.9602704991377813,5.685689029356863
-25.96748765670601,-2.1290447314776273,5.6662345505619465
-25.718358988682255,-2.3095828475135667,5.6837408690433175
-25.466843644589453,-2.4803438879403625,5.694870113480054
-25.214994524560588,-2.651387163835254,5.67818324300856
-24.961906480622464,-2.8351728689249915,5.6941678558340545
-24.70132409579807,-3.0089643886676214,5.704293560334553
-24.467755804432695,-3.1777279918883283,5.706358233604696
-24.205568470628315,-3.3444403871072645,5.730640214842847
-23.938217570613254,-3.509418253066861,5.723776330377937
-23.693627311357336,-3.672200772065051,5.725941830451749
-23.415986730889838,-3.833014286693579,5.73208631149447
-23.14761943488816,-4.004071348239907,5.7375215106973245
-22.901734717050747,-4.164282044547572,5.746331868586714
-22.640964131530698,-4.324568679307092,5.755309321912824
-22.37137241172894,-4.467187970492922,5.759972970931451
-22.112501342084705,-4.62566431958462,5.750708892198783
-21.8664558780151,-4.77067953859404,5.746314093213212
-21.602916816567138,-4.92588747746807,5.756431984807368
-21.339820523987893,-5.067092092842309,5.753089250233287
-21.07786440275758,-5.230036880231561,5.738513896709859
-20.830184616577938,-5.382559746541185,5.747466347052573
-20.56666231307012,-5.547331288430579,5.756658043393173
-20.31550796863827,-5.6976776265950235,5.758456122948702
-20.05848999353037,-5.862318781147936,5.7630346331507125
-19.814812268452553,-6.006054187393519,5.757181788343267
-19.56013489584843,-6.136913169745291,5.757637623313777
-19.31350150402522,-6.2653731542314635,5.756873736586437
-19.044984442593865,-6.4214541431241825,5.7638661818997745
-18.773724856274512,-6.571320290947651,5.77141429597041
-18.49992619094537,-6.717819567609382,5.779903786881991
-18.241574892458374,-6.87972911774277,5.787551298738822
-17.977143217208077,-7.017579170904613,5.785128894171913
-17.729414909437075,-7.158603573749522,5.801076742040661
-17.46924128078181,-7.304801854470071,5.794266371507634
-17.201471879620005,-7.454988696508626,5.8003660841997435
-16.932785376029056,-7.58845772237154,5.807278171744805
-16.64714185267838,-7.735673508313915,5.822292125489142
-16.36940091237008,-7.86337738912694,5.831276650733576
-16.105694003165535,-7.9924023937976525,5.842119615407274
-15.825214945918573,-8.114066935778292,5.866515206915475
-15.55856524621124,-8.243379777730624,5.864844171346398
-15.276687841492949,-8.363008686623873,5.870868173331363
-15.010139304273732,-8.495717396213557,5.877333418374439
-14.733825564839236,-8.605140860089028,5.8737182276613895
-14.469583592781019,-8.73584469960167,5.869907377491559
-14.193116793163716,-8.877382294611904,5.881181977718833
-13.92149160692049,-8.983267873476839,5.882472701619118
-13.631946805909726,-9.091652989727574,5.874552893237905
-13.360907695148846,-9.199229904555732,5.877267252038014
-13.087701258091666,-9.307059892667551,5.882755882546987
-12.817338549269804,-9.430850268121578,5.892055795377018
-12.56041660011024,-9.532897626055021,5.885470740048143
-12.273881660870588,-9.638704107860043,5.904509235825617
-11.993141260200714,-9.747162386867531,5.9025551039185284
-11.717751379901033,-9.861845079493897,5.910540058844879
-11.431330684534958,-9.967572975568181,5.916122210145049
-11.147159729371344,-10.068883856928204,5.9165240614029955
-10.858691136324785,-10.178900848320358,5.901180422447143
-10.586966380088297,-10.29621074052255,5.907477593202283
-10.298218504465755,-10.407641079183344,5.913497068289489
-10.041315138182172,-10.52467020591735,5.914562728662641
-9.763684522582645,-10.628252908953598,5.917922950834502
-9.478970992108714,-10.73115174821484,5.924068915635853
-9.204732925224517,-10.836866875041629,5.922052602089261
-8.930742843500159,-10.944807848246397,5.918497899644897
-8.675167461135425,-11.051376577268828,5.920547236950336
-8.405735961995045,-11.164842398084852,5.931427195901788
-8.120435085995656,-11.265161155748332,5.94487048951822
-7.839908064748109,-11.352331945626867,5.943904095435229
-7.556989232453209,-11.459256945628809,5.942241444402477
-7.2841012523153985,-11.567366408712953,5.9362469883568405
-7.007150270294693,-11.676347984496388,5.942038509741439
-6.736152798249849,-11.768059889713818,5.950869705288334
-6.435247632568531,-11.86239013902883,5.9671668623691465
-6.145585423485458,-11.94832448544491,5.974246121907878
-5.8586605945683825,-12.038856635914852,5.977214499275628
-5.560117950406142,-12.147767379945549,5.988044333696595
-5.291441079841989,-12.238127715380843,5.9920887270581185
-5.006138439539556,-12.328809641258335,6.019430460499136
-4.71984346333559,-12.405279702804796,5.995633705306801
-4.432425570615282,-12.49282232030424,5.994099905021555
-4.149294975534492,-12.588397510763903,6.01159460228145
-3.8590807528431217,-12.69092759628132,6.0146206789588055
-3.5661444903210398,-12.763894916947844,6.02235628764939
-3.265438445025284,-12.826114504945558,6.01956522510214
-2.9798568264660794,-12.91048025322222,6.028358502038483
-2.69436621836204,-12.977217370103522,6.035415947205464
-2.399105140265395,-13.049972892432338,6.032919259326625
-2.1319347403845095,-13.124092571245187,6.033644355872922
-1.834231426911501,-13.227994190333305,6.035385805884613
-1.5265225601753594,-13.313170064907004,6.037994647918652
-1.2449800266901176,-13.392457545597097,6.033217880618059
-0.9548311002930734,-13.457575639926315,6.0339500733696685
-0.6663278489537967,-13.535929155610004,6.043418381084778
-0.37556634013532747,-13.60965904247096,6.0421875493970125
-0.09907459464416574,-13.679667879931385,6.049895595440438
0.1999506913862092,-13.73434130271431,6.071536826285476
0.48437411485603027,-13.797564827391954,6.085255277450991
0.7773477985538649,-13.853500780579523,6.091675419924158
1.0643976876558308,-13.927555276816749,6.087940807043225
1.3339472341393432,-13.98453490294193,6.094545990606053
1.6378235764905338,-14.04685889002497,6.086902360561743
1.9394747860388548,-14.10591226749895,6.10916557182794
2.238675825265079,-14.177976696249583,6.0947474743087335
2.5305293660440555,-14.222744260491616,6.125626955477185
2.8134258823143803,-14.274172580668996,6.1308050242300185
3.1054643004962146,-14.320168405791463,6.147108367588672
3.3939981267154113,-14.36437961477452,6.16172529398673
3.6869439929596743,-14.414303523770759,6.16060647885145
3.9774515987556227,-14.435033053411669,6.138500899121627
4.276166968705375,-14.462511183417885,6.1411685117730785
4.552641030938094,-14.50639412844104,6.142017566551933
4.84859067074645,-14.548045478158485,6.144090910868969
5.154905484940331,-14.601275487538938,6.155370108331654
5.447375713237027,-14.646893210991825,6.150583104263502
5.753678629274268,-14.683719818378277,6.146260727361695
6.049391994638942,-14.740569279754535,6.171780592645559
6.355195872640987,-14.775260537592578,6.181534904128983
6.652732378156439,-14.789684719538988,6.1903764379166795
6.960214726912075,-14.815715939192302,6.205242271119827
7.2560117305377805,-14.841690783797894,6.226221562837466
7.552608224583005,-14.851010616785734,6.241285993501739
7.855007226021011,-14.873036023708924,6.234814745216801
8.14578824434787,-14.902543689488313,6.225350598597376
8.442208210108845,-14.920530450295033,6.237207461317668
8.740695611264877,-14.915267549583232,6.254702310423831
9.029342977912748,-14.911832506773857,6.270693687898503
9.31836997598386,-14.918449734432514,6.279812084777166
9.614627716038454,-14.936339468992784,6.274932711848379
9.91389174289406,-14.92146606702045,6.275398850989796
10.214712330027373,-14.927852233595578,6.27570558791917
10.517227363128516,-14.917962315857805,6.266138968327682
10.817970029613639,-14.920666220557825,6.261342924771798
11.116342156370681,-14.929229783210126,6.270378916325669
11.414857891294211,-14.933222387701099,6.273829270233468
11.719780974226548,-14.941728148428943,6.275595332456875
12.025445478645539,-14.946380176095897,6.268149032201906
12.320451022947916,-14.958937544748988,6.274721036418802
12.613243810489582,-14.954811042679458,6.274796613916045
12.905648033651522,-14.950997813138036,6.284794595917603
